participant_id,switch_rate,stay_after_reward,perseveration,avg_reward,n_trials,slcn_age - years,filtered_out
11.0,0.34,0.9811320754716981,0.66,0.5346534653465347,101,10.28884326,False
360.0,0.35384615384615387,0.9428571428571428,0.6461538461538462,0.5419847328244275,131,26.56005753,False
301.0,0.1937984496124031,1.0,0.8062015503875969,0.5615384615384615,130,25.0,False
73.0,0.09230769230769231,0.9885057471264368,0.9076923076923077,0.6717557251908397,131,12.67351129,False
202.0,0.11538461538461539,1.0,0.8846153846153846,0.6106870229007634,131,17.3963039,False
214.0,0.5153846153846153,0.7162162162162162,0.4846153846153846,0.5725190839694656,131,11.87953457,False
441.0,0.24615384615384617,0.9866666666666667,0.7538461538461538,0.5725190839694656,131,18.75,True
425.0,0.4140625,0.8103448275862069,0.5859375,0.4573643410852713,129,31.0,False
311.0,0.14615384615384616,1.0,0.8538461538461538,0.5954198473282443,131,25.0,False
142.0,0.07692307692307693,1.0,0.9230769230769231,0.648854961832061,131,12.50376454,False
213.0,0.5461538461538461,0.7076923076923077,0.45384615384615384,0.4961832061068702,131,11.87953457,False
42.0,0.23846153846153847,0.92,0.7615384615384615,0.5725190839694656,131,12.83778234,False
205.0,0.3,0.9135802469135802,0.7,0.6183206106870229,131,17.01574264,False
427.0,0.4307692307692308,1.0,0.5692307692307692,0.5343511450381679,131,20.41666667,False
159.0,0.4418604651162791,0.7971014492753623,0.5581395348837209,0.5307692307692308,130,13.38809035,False
76.0,0.4,0.8985507246376812,0.6,0.5267175572519084,131,8.238193018,False
442.0,0.5769230769230769,0.7910447761194029,0.4230769230769231,0.5114503816793893,131,21.5,False
78.0,0.4153846153846154,0.8070175438596491,0.5846153846153846,0.44274809160305345,131,10.72142368,False
170.0,0.07692307692307693,1.0,0.9230769230769231,0.6412213740458015,131,13.54140999,False
220.0,0.27692307692307694,0.9864864864864865,0.7230769230769231,0.5725190839694656,131,16.47364819,False
67.0,0.08461538461538462,1.0,0.9153846153846154,0.5419847328244275,131,8.826830938,True
426.0,0.33076923076923076,0.9863013698630136,0.6692307692307692,0.5572519083969466,131,20.08333333,False
43.0,0.45384615384615384,0.9411764705882353,0.5461538461538461,0.5190839694656488,131,11.95619439,False
349.0,0.4076923076923077,1.0,0.5923076923076923,0.5343511450381679,131,26.0,False
449.0,0.2923076923076923,0.9864864864864865,0.7076923076923077,0.5648854961832062,131,18.75,True
320.0,0.17692307692307693,0.9594594594594594,0.823076923076923,0.5725190839694656,131,26.0,False
189.0,0.46923076923076923,0.7936507936507936,0.5307692307692308,0.48091603053435117,131,16.30663929,False
18.0,0.15483870967741936,0.978494623655914,0.8451612903225807,0.6025641025641025,156,12.63791923,False
173.0,0.2923076923076923,1.0,0.7076923076923077,0.6412213740458015,131,15.52635181,False
457.0,0.16923076923076924,1.0,0.8307692307692308,0.648854961832061,131,18.41666667,False
56.0,0.10852713178294573,0.9873417721518988,0.8914728682170543,0.6153846153846154,130,11.15947981,False
124.0,0.6846153846153846,0.40350877192982454,0.3153846153846154,0.44274809160305345,131,13.00205339,True
206.0,0.6230769230769231,0.696969696969697,0.3769230769230769,0.5114503816793893,131,8.227241615,False
455.0,0.16923076923076924,1.0,0.8307692307692308,0.549618320610687,131,20.25,False
77.0,0.35384615384615387,0.8875,0.6461538461538462,0.6183206106870229,131,11.83572895,True
405.0,0.2692307692307692,0.9629629629629629,0.7307692307692307,0.6183206106870229,131,,False
127.0,0.3769230769230769,0.9629629629629629,0.6230769230769231,0.6183206106870229,131,12.91991786,False
419.0,0.16153846153846155,1.0,0.8384615384615385,0.5801526717557252,131,18.0,False
125.0,0.1076923076923077,0.9866666666666667,0.8923076923076924,0.5725190839694656,131,14.04517454,False
429.0,0.35384615384615387,0.9393939393939394,0.6461538461538462,0.5038167938931297,131,19.0,False
421.0,0.2153846153846154,0.9868421052631579,0.7846153846153846,0.5801526717557252,131,20.5,False
310.0,0.2,1.0,0.8,0.6030534351145038,131,30.0,False
176.0,0.3333333333333333,0.9878048780487805,0.6666666666666666,0.6384615384615384,130,16.82409309,False
98.0,0.26153846153846155,0.9701492537313433,0.7384615384615385,0.5190839694656488,131,13.83709788,False
25.0,0.16923076923076924,1.0,0.8307692307692308,0.5877862595419847,131,13.86995209,False
208.0,0.3046875,0.9878048780487805,0.6953125,0.6434108527131783,129,15.54004107,False
112.0,0.3333333333333333,0.9285714285714286,0.6666666666666666,0.5461538461538461,130,9.149897331,False
52.0,0.375,0.9565217391304348,0.625,0.5348837209302325,129,8.145106092,False
407.0,0.2153846153846154,0.9529411764705882,0.7846153846153846,0.648854961832061,131,,True
149.0,0.43548387096774194,0.6785714285714286,0.5645161290322581,0.448,125,11.23613963,False
109.0,0.2846153846153846,0.9259259259259259,0.7153846153846154,0.6259541984732825,131,9.952087611,False
412.0,0.26153846153846155,1.0,0.7384615384615385,0.5801526717557252,131,20.25,False
75.0,0.15503875968992248,1.0,0.8449612403100775,0.6,130,8.824093087,False
165.0,0.13846153846153847,0.9882352941176471,0.8615384615384616,0.648854961832061,131,14.6036961,False
221.0,0.3515625,0.9558823529411765,0.6484375,0.5271317829457365,129,7.770020534,False
325.0,0.17692307692307693,1.0,0.823076923076923,0.5725190839694656,131,25.0,False
316.0,0.19230769230769232,1.0,0.8076923076923077,0.6259541984732825,131,25.0,True
151.0,0.4496124031007752,0.8714285714285714,0.5503875968992248,0.5461538461538461,130,12.64339493,False
418.0,0.4959349593495935,0.7368421052631579,0.5040650406504065,0.46774193548387094,124,26.0,False
35.0,0.3153846153846154,0.9545454545454546,0.6846153846153846,0.5114503816793893,131,9.199178645,True
450.0,0.2846153846153846,0.9152542372881356,0.7153846153846154,0.45038167938931295,131,21.83333333,True
403.0,0.2692307692307692,1.0,0.7307692307692307,0.6030534351145038,131,,False
175.0,0.23076923076923078,0.9726027397260274,0.7692307692307693,0.5572519083969466,131,16.82409309,False
92.0,0.31007751937984496,0.8831168831168831,0.689922480620155,0.6,130,14.1026694,False
32.0,0.23870967741935484,1.0,0.7612903225806451,0.5641025641025641,156,11.321013,False
411.0,0.2076923076923077,1.0,0.7923076923076923,0.5648854961832062,131,19.33333333,True
87.0,0.1875,0.975609756097561,0.8125,0.6434108527131783,129,12.13963039,False
148.0,0.16153846153846155,0.9642857142857143,0.8384615384615385,0.648854961832061,131,13.49486653,False
117.0,0.45384615384615384,0.859375,0.5461538461538461,0.4961832061068702,131,8.689938398,False
204.0,0.15384615384615385,1.0,0.8461538461538461,0.5877862595419847,131,17.54414784,False
406.0,0.26153846153846155,0.9761904761904762,0.7384615384615385,0.6412213740458015,131,,False
353.0,0.33076923076923076,0.9848484848484849,0.6692307692307692,0.5038167938931297,131,28.0,False
447.0,0.19230769230769232,0.9733333333333334,0.8076923076923077,0.5801526717557252,131,18.91666667,False
150.0,0.4076923076923077,0.8529411764705882,0.5923076923076923,0.5267175572519084,131,11.88774812,False
88.0,0.453781512605042,0.7878787878787878,0.5462184873949579,0.55,120,8.83504449,True
84.0,0.421875,0.9230769230769231,0.578125,0.5116279069767442,129,10.24229979,False
74.0,0.16923076923076924,0.9887640449438202,0.8307692307692308,0.6793893129770993,131,10.53524983,False
428.0,0.2923076923076923,0.9402985074626866,0.7076923076923077,0.5190839694656488,131,20.91666667,False
161.0,0.13846153846153847,1.0,0.8615384615384616,0.5954198473282443,131,17.81245722,False
303.0,0.27692307692307694,1.0,0.7230769230769231,0.5648854961832062,131,30.0,False
424.0,0.2846153846153846,0.9538461538461539,0.7153846153846154,0.5038167938931297,131,20.5,False
53.0,0.4186046511627907,0.8840579710144928,0.5813953488372093,0.5307692307692308,130,10.05065024,False
420.0,0.46923076923076923,0.8852459016393442,0.5307692307692308,0.4732824427480916,131,18.91666667,False
93.0,0.23255813953488372,0.9264705882352942,0.7674418604651163,0.5230769230769231,130,9.612594114,True
347.0,0.23076923076923078,0.9868421052631579,0.7692307692307693,0.5801526717557252,131,27.0,False
466.0,0.2,1.0,0.8,0.6106870229007634,131,20.08333333,True
68.0,0.38461538461538464,0.8636363636363636,0.6153846153846154,0.5038167938931297,131,8.443531828,False
345.0,0.2076923076923077,0.9710144927536232,0.7923076923076923,0.5343511450381679,131,29.0,False
57.0,0.46511627906976744,0.8103448275862069,0.5348837209302325,0.45384615384615384,130,10.80355921,False
172.0,0.2076923076923077,1.0,0.7923076923076923,0.6030534351145038,131,14.57357974,False
133.0,0.3671875,0.78125,0.6328125,0.5038759689922481,129,10.23682409,False
155.0,0.5538461538461539,0.6129032258064516,0.4461538461538462,0.4732824427480916,131,12.85147159,False
309.0,0.34615384615384615,0.958904109589041,0.6538461538461539,0.5572519083969466,131,27.0,False
362.0,0.35384615384615387,0.9866666666666667,0.6461538461538462,0.5725190839694656,131,26.53715263,True
219.0,0.5658914728682171,0.6,0.43410852713178294,0.46153846153846156,130,15.50444901,False
359.0,0.46153846153846156,0.9154929577464789,0.5384615384615384,0.549618320610687,131,26.57150999,False
135.0,0.1,1.0,0.9,0.5877862595419847,131,15.81930185,False
431.0,0.16153846153846155,1.0,0.8384615384615385,0.6106870229007634,131,19.0,False
145.0,0.2923076923076923,0.9512195121951219,0.7076923076923077,0.6259541984732825,131,12.47638604,False
158.0,0.2923076923076923,0.8765432098765432,0.7076923076923077,0.6259541984732825,131,12.12867899,False
13.0,0.375,0.810126582278481,0.625,0.5517241379310345,145,9.618069815,False
416.0,0.2076923076923077,0.9866666666666667,0.7923076923076923,0.5801526717557252,131,20.0,False
439.0,0.13846153846153847,1.0,0.8615384615384616,0.6030534351145038,131,20.0,False
69.0,0.2923076923076923,0.925,0.7076923076923077,0.6106870229007634,131,11.72895277,False
82.0,0.26153846153846155,0.9855072463768116,0.7384615384615385,0.5267175572519084,131,14.69130732,False
168.0,0.2846153846153846,1.0,0.7153846153846154,0.6564885496183206,131,16.64339493,False
423.0,0.43846153846153846,0.9384615384615385,0.5615384615384615,0.4961832061068702,131,20.91666667,False
45.0,0.23846153846153847,0.56,0.7615384615384615,0.19083969465648856,131,9.752224504,False
331.0,0.5923076923076923,0.5789473684210527,0.4076923076923077,0.44274809160305345,131,25.0,False
445.0,0.23076923076923078,0.987012987012987,0.7692307692307693,0.5954198473282443,131,21.75,True
131.0,0.4307692307692308,0.7857142857142857,0.5692307692307692,0.5343511450381679,131,15.20876112,False
456.0,0.13846153846153847,1.0,0.8615384615384616,0.5877862595419847,131,21.16666667,False
337.0,0.3046875,0.9538461538461539,0.6953125,0.5116279069767442,129,29.0,False
129.0,0.4230769230769231,0.918918918918919,0.5769230769230769,0.5648854961832062,131,12.62970568,False
146.0,0.46153846153846156,0.8307692307692308,0.5384615384615384,0.4961832061068702,131,12.27378508,False
354.0,0.4076923076923077,0.9722222222222222,0.5923076923076923,0.549618320610687,131,26.59441489,True
469.0,0.23076923076923078,0.9444444444444444,0.7692307692307693,0.5572519083969466,131,19.0,False
49.0,0.1076923076923077,0.987012987012987,0.8923076923076924,0.5954198473282443,131,11.78097194,False
115.0,0.3333333333333333,0.9701492537313433,0.6666666666666666,0.5153846153846153,130,8.813141684,False
55.0,0.33076923076923076,0.9135802469135802,0.6692307692307692,0.6259541984732825,131,13.28678987,False
193.0,0.2923076923076923,0.9420289855072463,0.7076923076923077,0.5267175572519084,131,14.55715264,False
444.0,0.4076923076923077,0.9142857142857143,0.5923076923076923,0.5419847328244275,131,20.08333333,False
308.0,0.35384615384615387,0.9104477611940298,0.6461538461538462,0.5190839694656488,131,27.0,False
210.0,0.17692307692307693,1.0,0.823076923076923,0.6259541984732825,131,17.39356605,False
190.0,0.17692307692307693,0.9883720930232558,0.823076923076923,0.6641221374045801,131,16.85147159,False
70.0,0.43846153846153846,0.8356164383561644,0.5615384615384615,0.5648854961832062,131,14.65845311,False
128.0,0.2076923076923077,0.975,0.7923076923076923,0.6183206106870229,131,14.39835729,False
194.0,0.26153846153846155,0.9166666666666666,0.7384615384615385,0.648854961832061,131,14.22313484,False
410.0,0.3076923076923077,0.8333333333333334,0.6923076923076923,0.5572519083969466,131,23.91666667,False
458.0,0.1,1.0,0.9,0.6106870229007634,131,19.41666667,False
19.0,0.18064516129032257,0.9883720930232558,0.8193548387096774,0.5576923076923077,156,12.63791923,False
163.0,0.3,0.9,0.7,0.6183206106870229,131,13.11156742,False
40.0,0.23846153846153847,0.971830985915493,0.7615384615384615,0.549618320610687,131,13.2347707,True
365.0,0.4230769230769231,0.8787878787878788,0.5769230769230769,0.5114503816793893,131,26.50279527,False
195.0,0.3,0.971830985915493,0.7,0.549618320610687,131,15.82477755,False
119.0,0.46153846153846156,0.8472222222222222,0.5384615384615384,0.549618320610687,131,8.150581793,True
453.0,0.43846153846153846,0.7333333333333333,0.5615384615384615,0.4580152671755725,131,18.0,False
83.0,0.4846153846153846,0.890625,0.5153846153846153,0.4961832061068702,131,12.38603696,False
24.0,0.43846153846153846,0.6851851851851852,0.5615384615384615,0.4198473282442748,131,10.50787132,False
364.0,0.27692307692307694,0.9242424242424242,0.7230769230769231,0.5114503816793893,131,26.51424772,False
17.0,0.4935064935064935,0.8,0.5064935064935064,0.4838709677419355,155,8.657084189,False
209.0,0.1076923076923077,1.0,0.8923076923076924,0.6183206106870229,131,14.29158111,False
323.0,0.38461538461538464,1.0,0.6153846153846154,0.5572519083969466,131,25.0,False
436.0,0.2923076923076923,0.9863013698630136,0.7076923076923077,0.5648854961832062,131,22.16666667,True
467.0,0.4230769230769231,0.9848484848484849,0.5769230769230769,0.5038167938931297,131,18.75,False
185.0,0.27692307692307694,0.9647058823529412,0.7230769230769231,0.6564885496183206,131,14.40109514,False
85.0,0.13846153846153847,0.9733333333333334,0.8615384615384616,0.5801526717557252,131,10.80903491,False
38.0,0.2923076923076923,0.9583333333333334,0.7076923076923077,0.5572519083969466,131,13.13894593,False
28.0,0.5116279069767442,0.6290322580645161,0.4883720930232558,0.47692307692307695,130,11.04722793,False
120.0,0.27692307692307694,0.9411764705882353,0.7230769230769231,0.5267175572519084,131,8.481861739,False
422.0,0.19230769230769232,0.9868421052631579,0.8076923076923077,0.5877862595419847,131,20.0,False
30.0,0.12307692307692308,1.0,0.8769230769230769,0.6183206106870229,131,14.7652293,False
126.0,0.4846153846153846,0.7794117647058824,0.5153846153846153,0.5267175572519084,131,10.35181383,False
413.0,0.36923076923076925,0.918918918918919,0.6307692307692307,0.5648854961832062,131,18.0,False
104.0,0.23846153846153847,0.8902439024390244,0.7615384615384615,0.6259541984732825,131,13.94934976,False
81.0,0.16923076923076924,0.9864864864864865,0.8307692307692308,0.5648854961832062,131,14.64476386,False
451.0,0.16923076923076924,1.0,0.8307692307692308,0.5877862595419847,131,22.58333333,False
414.0,0.13846153846153847,0.9876543209876543,0.8615384615384616,0.6259541984732825,131,,False
12.0,0.35,0.9487179487179487,0.65,0.5602836879432624,141,7.96440794,False
343.0,0.1076923076923077,1.0,0.8923076923076924,0.6030534351145038,131,25.0,False
188.0,0.26356589147286824,0.9358974358974359,0.7364341085271318,0.6076923076923076,130,14.70225873,False
352.0,0.2846153846153846,0.9864864864864865,0.7153846153846154,0.5725190839694656,131,26.0,False
443.0,0.3,0.9857142857142858,0.7,0.5419847328244275,131,18.91666667,False
314.0,0.2923076923076923,0.9,0.7076923076923077,0.5419847328244275,131,25.0,False
459.0,0.24615384615384617,0.9384615384615385,0.7538461538461538,0.5038167938931297,131,18.25,False
132.0,0.3923076923076923,0.9701492537313433,0.6076923076923076,0.5190839694656488,131,14.9705681,False
434.0,0.2153846153846154,1.0,0.7846153846153846,0.5190839694656488,131,23.0,False
330.0,0.09230769230769231,1.0,0.9076923076923077,0.6335877862595419,131,25.0,False
321.0,0.36153846153846153,0.9722222222222222,0.6384615384615384,0.549618320610687,131,26.0,False
134.0,0.3230769230769231,0.9375,0.676923076923077,0.4961832061068702,131,12.92265572,False
157.0,0.23846153846153847,0.9885057471264368,0.7615384615384615,0.6717557251908397,131,12.83778234,False
100.0,0.27692307692307694,0.9848484848484849,0.7230769230769231,0.5114503816793893,131,10.39288159,False
72.0,0.4,0.9324324324324325,0.6,0.5725190839694656,131,10.07802875,False
438.0,0.2846153846153846,0.9692307692307692,0.7153846153846154,0.4961832061068702,131,21.08333333,False
46.0,0.6046511627906976,0.5846153846153846,0.3953488372093023,0.5,130,13.26488706,False
218.0,0.1076923076923077,1.0,0.8923076923076924,0.6030534351145038,131,13.99863107,False
440.0,0.12307692307692308,1.0,0.8769230769230769,0.6183206106870229,131,21.0,False
351.0,0.08461538461538462,1.0,0.9153846153846154,0.5954198473282443,131,26.0,False
312.0,0.2153846153846154,0.9864864864864865,0.7846153846153846,0.5725190839694656,131,27.0,False
448.0,0.33076923076923076,0.8360655737704918,0.6692307692307692,0.46564885496183206,131,28.0,False
160.0,0.25384615384615383,0.9529411764705882,0.7461538461538462,0.6564885496183206,131,13.7522245,False
306.0,0.3671875,0.9859154929577465,0.6328125,0.5581395348837209,129,28.0,False
94.0,0.3,0.961038961038961,0.7,0.5877862595419847,131,12.84599589,False
141.0,0.13076923076923078,1.0,0.8692307692307693,0.648854961832061,131,11.48528405,False
26.0,0.32558139534883723,0.9142857142857143,0.6744186046511628,0.5461538461538461,130,8.027378508,False
433.0,0.23846153846153847,0.9859154929577465,0.7615384615384615,0.5419847328244275,131,50.0,False
338.0,0.2923076923076923,0.9054054054054054,0.7076923076923077,0.5648854961832062,131,25.0,False
59.0,0.5230769230769231,0.7777777777777778,0.47692307692307695,0.48091603053435117,131,9.505817933,False
147.0,0.4076923076923077,0.7941176470588235,0.5923076923076923,0.5267175572519084,131,10.86379192,False
106.0,0.12307692307692308,0.975609756097561,0.8769230769230769,0.6259541984732825,131,13.46475017,False
139.0,0.35384615384615387,0.9113924050632911,0.6461538461538462,0.6106870229007634,131,13.25667351,False
138.0,0.3153846153846154,0.9642857142857143,0.6846153846153846,0.6412213740458015,131,10.62286105,False
437.0,0.11538461538461539,1.0,0.8846153846153846,0.6106870229007634,131,25.0,True
463.0,0.2923076923076923,1.0,0.7076923076923077,0.5572519083969466,131,20.58333333,False
116.0,0.4076923076923077,0.8666666666666667,0.5923076923076923,0.46564885496183206,131,10.2696783,False
184.0,0.24615384615384617,1.0,0.7538461538461538,0.5801526717557252,131,16.63518138,True
197.0,0.36923076923076925,0.9384615384615385,0.6307692307692307,0.5038167938931297,131,9.281314168,False
152.0,0.16153846153846155,0.9875,0.8384615384615385,0.6183206106870229,131,13.2073922,False
144.0,0.4230769230769231,0.9523809523809523,0.5769230769230769,0.48854961832061067,131,12.47912389,False
361.0,0.3230769230769231,1.0,0.676923076923077,0.5572519083969466,131,26.54860508,False
196.0,0.4496124031007752,0.7761194029850746,0.5503875968992248,0.5230769230769231,130,16.23271732,False
212.0,0.3230769230769231,1.0,0.676923076923077,0.5572519083969466,131,14.71321013,False
123.0,0.17692307692307693,1.0,0.823076923076923,0.6412213740458015,131,14.91854894,False
162.0,0.14615384615384616,0.9864864864864865,0.8538461538461538,0.5648854961832062,131,16.19438741,False
110.0,0.36923076923076925,0.9324324324324325,0.6307692307692307,0.5648854961832062,131,11.25256674,False
415.0,0.4,0.8,0.6,0.4580152671755725,131,19.0,False
300.0,0.08461538461538462,1.0,0.9153846153846154,0.6030534351145038,131,30.0,False
318.0,0.3046875,0.9130434782608695,0.6953125,0.5426356589147286,129,27.0,False
446.0,0.4153846153846154,0.7619047619047619,0.5846153846153846,0.48091603053435117,131,21.91666667,False
136.0,0.17692307692307693,0.9529411764705882,0.823076923076923,0.648854961832061,131,13.56605065,False
348.0,0.19230769230769232,1.0,0.8076923076923077,0.6106870229007634,131,27.0,False
111.0,0.23076923076923078,1.0,0.7692307692307693,0.549618320610687,131,17.7357974,False
319.0,0.29457364341085274,0.9692307692307692,0.7054263565891473,0.5076923076923077,130,25.0,False
315.0,0.2153846153846154,0.9861111111111112,0.7846153846153846,0.5572519083969466,131,25.0,False
452.0,0.27692307692307694,0.8970588235294118,0.7230769230769231,0.5267175572519084,131,18.0,False
363.0,0.3,0.9230769230769231,0.7,0.5038167938931297,131,26.52570017,False
435.0,0.2846153846153846,0.9375,0.7153846153846154,0.48854961832061067,131,21.33333333,False
326.0,0.19230769230769232,0.9857142857142858,0.8076923076923077,0.5419847328244275,131,27.0,False
179.0,0.33076923076923076,1.0,0.6692307692307692,0.5038167938931297,131,9.782340862,False
137.0,0.13953488372093023,1.0,0.8604651162790697,0.6,130,16.183436,False
191.0,0.5,0.7868852459016393,0.5,0.46564885496183206,131,14.55167693,False
305.0,0.12307692307692308,0.9864864864864865,0.8769230769230769,0.5648854961832062,131,28.0,False
402.0,0.24615384615384617,0.9404761904761905,0.7538461538461538,0.6412213740458015,131,,False
80.0,0.4076923076923077,0.7101449275362319,0.5923076923076923,0.5267175572519084,131,16.66803559,False
181.0,0.36923076923076925,0.8875,0.6307692307692307,0.6183206106870229,131,12.99110198,False
207.0,0.25384615384615383,1.0,0.7461538461538462,0.5877862595419847,131,8.325804244,False
342.0,0.46923076923076923,0.8970588235294118,0.5307692307692308,0.5267175572519084,131,26.0,False
430.0,0.4,0.9117647058823529,0.6,0.5267175572519084,131,20.33333333,False
71.0,0.25384615384615383,0.9436619718309859,0.7461538461538462,0.5419847328244275,131,17.19917864,False
174.0,0.19230769230769232,0.96,0.8076923076923077,0.5801526717557252,131,16.78028747,False
468.0,0.21705426356589147,1.0,0.7829457364341085,0.5538461538461539,130,21.83333333,False
169.0,0.12307692307692308,1.0,0.8769230769230769,0.6030534351145038,131,16.21355236,False
36.0,0.09230769230769231,1.0,0.9076923076923077,0.5801526717557252,131,15.18138261,False
140.0,0.36923076923076925,0.9295774647887324,0.6307692307692307,0.549618320610687,131,10.85284052,False
461.0,0.24615384615384617,0.9571428571428572,0.7538461538461538,0.5419847328244275,131,20.66666667,False
215.0,0.19230769230769232,1.0,0.8076923076923077,0.5648854961832062,131,14.86379192,False
322.0,0.5307692307692308,0.8059701492537313,0.46923076923076923,0.5114503816793893,131,25.0,False
37.0,0.13846153846153847,1.0,0.8615384615384616,0.648854961832061,131,17.27583847,False
182.0,0.12307692307692308,0.9883720930232558,0.8769230769230769,0.6641221374045801,131,15.08008214,False
328.0,0.23076923076923078,0.90625,0.7692307692307693,0.4961832061068702,131,25.0,False
201.0,0.18461538461538463,0.9868421052631579,0.8153846153846154,0.5877862595419847,131,14.15468857,False
65.0,0.4444444444444444,0.9264705882352942,0.5555555555555556,0.5433070866141733,127,7.89596167,False
350.0,0.49606299212598426,0.8787878787878788,0.5039370078740157,0.5234375,128,29.0,False
108.0,0.5116279069767442,0.84375,0.4883720930232558,0.49230769230769234,130,9.253935661,False
114.0,0.27692307692307694,0.9577464788732394,0.7230769230769231,0.549618320610687,131,15.74811773,False
31.0,0.5225806451612903,0.8214285714285714,0.4774193548387097,0.5448717948717948,156,9.232032854,False
60.0,0.17692307692307693,1.0,0.823076923076923,0.5801526717557252,131,15.15126626,True
304.0,0.09302325581395349,1.0,0.9069767441860465,0.6076923076923076,130,27.0,False
99.0,0.13846153846153847,0.9871794871794872,0.8615384615384616,0.6030534351145038,131,13.27583847,True
130.0,0.2230769230769231,0.987012987012987,0.7769230769230769,0.5877862595419847,131,17.49486653,False
102.0,0.3225806451612903,0.7551020408163265,0.6774193548387096,0.392,125,8.687200548,False
118.0,0.3230769230769231,0.9767441860465116,0.676923076923077,0.6564885496183206,131,9.401779603,False
41.0,0.16923076923076924,0.9605263157894737,0.8307692307692308,0.5877862595419847,131,11.47433265,True
329.0,0.3076923076923077,0.9705882352941176,0.6923076923076923,0.5267175572519084,131,30.0,False
334.0,0.47692307692307695,0.7619047619047619,0.5230769230769231,0.48854961832061067,131,27.0,False
302.0,0.3769230769230769,0.9420289855072463,0.6230769230769231,0.5267175572519084,131,27.0,False
454.0,0.13076923076923078,1.0,0.8692307692307693,0.5877862595419847,131,21.41666667,False
357.0,0.18461538461538463,1.0,0.8153846153846154,0.5648854961832062,131,26.58296244,False
417.0,0.1076923076923077,1.0,0.8923076923076924,0.6106870229007634,131,19.0,False
96.0,0.3643410852713178,0.9342105263157895,0.6356589147286822,0.5923076923076923,130,14.88021903,False
27.0,0.3,0.9615384615384616,0.7,0.6030534351145038,131,9.801505818,False
20.0,0.15483870967741936,0.989247311827957,0.8451612903225807,0.6025641025641025,156,14.54346338,False
335.0,0.16923076923076924,1.0,0.8307692307692308,0.549618320610687,131,25.0,False
101.0,0.3828125,0.8,0.6171875,0.3488372093023256,129,8.306639288,False
113.0,0.38461538461538464,0.9295774647887324,0.6153846153846154,0.5419847328244275,131,15.74811773,False
199.0,0.15384615384615385,0.9857142857142858,0.8461538461538461,0.5419847328244275,131,17.99589322,True
464.0,0.38461538461538464,0.9861111111111112,0.6153846153846154,0.5572519083969466,131,18.75,False
121.0,0.47692307692307695,0.7704918032786885,0.5230769230769231,0.4732824427480916,131,9.013004791,False
103.0,0.24615384615384617,0.9876543209876543,0.7538461538461538,0.6259541984732825,131,10.38466804,False
317.0,0.36153846153846153,0.9444444444444444,0.6384615384615384,0.5572519083969466,131,28.0,False
153.0,0.18461538461538463,0.9761904761904762,0.8153846153846154,0.648854961832061,131,12.67351129,False
177.0,0.2230769230769231,1.0,0.7769230769230769,0.5725190839694656,131,13.60438056,False
156.0,0.3178294573643411,0.9066666666666666,0.6821705426356589,0.5846153846153846,130,12.83778234,False
90.0,0.3923076923076923,0.84,0.6076923076923076,0.5801526717557252,131,11.09924709,False
44.0,0.36923076923076925,1.0,0.6307692307692307,0.5419847328244275,131,16.14236824,False
48.0,0.5076923076923077,0.8507462686567164,0.49230769230769234,0.5190839694656488,131,10.03696099,False
122.0,0.2692307692307692,0.972972972972973,0.7307692307692307,0.5725190839694656,131,10.98425736,False
15.0,0.461038961038961,0.9523809523809523,0.538961038961039,0.5483870967741935,155,9.590691307,False
164.0,0.17692307692307693,0.987012987012987,0.823076923076923,0.5877862595419847,131,14.11362081,True
63.0,0.45384615384615384,0.8307692307692308,0.5461538461538461,0.4961832061068702,131,10.44490075,False
460.0,0.4153846153846154,0.9855072463768116,0.5846153846153846,0.5267175572519084,131,21.0,False
339.0,0.06976744186046512,1.0,0.9302325581395349,0.6,130,28.0,True
16.0,0.5612903225806452,0.8375,0.43870967741935485,0.5192307692307693,156,8.862422998,False
200.0,0.2923076923076923,0.9879518072289156,0.7076923076923077,0.6412213740458015,131,11.77275838,False
105.0,0.09230769230769231,0.9871794871794872,0.9076923076923077,0.5954198473282443,131,13.94934976,True
183.0,0.35384615384615387,0.8513513513513513,0.6461538461538462,0.5648854961832062,131,12.07392197,False
23.0,0.38461538461538464,0.9142857142857143,0.6153846153846154,0.5343511450381679,131,11.20602327,False
432.0,0.11538461538461539,1.0,0.8846153846153846,0.6259541984732825,131,21.08333333,False
33.0,0.34838709677419355,0.9195402298850575,0.6516129032258065,0.5576923076923077,156,12.80219028,False
178.0,0.2923076923076923,0.9736842105263158,0.7076923076923077,0.5877862595419847,131,15.70704997,False
171.0,0.3384615384615385,0.9,0.6615384615384615,0.5419847328244275,131,16.57768652,False
167.0,0.16153846153846155,1.0,0.8384615384615385,0.6564885496183206,131,14.32717317,False
22.0,0.2903225806451613,0.8928571428571429,0.7096774193548387,0.5448717948717948,156,16.49007529,False
143.0,0.26356589147286824,0.9545454545454546,0.7364341085271318,0.5153846153846153,130,11.35112936,False
465.0,0.18461538461538463,1.0,0.8153846153846154,0.5801526717557252,131,22.33333333,False
409.0,0.24615384615384617,1.0,0.7538461538461538,0.5801526717557252,131,18.0,False
313.0,0.3076923076923077,1.0,0.6923076923076923,0.5801526717557252,131,29.0,False
198.0,0.2,0.975,0.8,0.6106870229007634,131,13.85626283,False
332.0,0.17692307692307693,0.9873417721518988,0.823076923076923,0.6106870229007634,131,29.0,False
34.0,0.31666666666666665,0.9117647058823529,0.6833333333333333,0.5619834710743802,121,7.901437372,False
217.0,0.3046875,0.9459459459459459,0.6953125,0.5736434108527132,129,9.481177276,False
408.0,0.24615384615384617,0.9659090909090909,0.7538461538461538,0.6793893129770993,131,,False
166.0,0.24615384615384617,0.9864864864864865,0.7538461538461538,0.5725190839694656,131,15.30184805,False
333.0,0.16923076923076924,0.972972972972973,0.8307692307692308,0.5725190839694656,131,29.0,False
86.0,0.2558139534883721,0.958904109589041,0.7441860465116279,0.5615384615384615,130,8.807665982,False
154.0,0.3923076923076923,0.9295774647887324,0.6076923076923076,0.549618320610687,131,16.44353183,True
